{"cameraMode":{"drawMode":0,"name":"Shaded","section":"Shading Mode"},"sceneLighting":false,"audioPlay":false,"sceneViewState":{"showFog":false,"showMaterialUpdate":false,"showSkybox":false,"showFlares":false,"showImageEffects":false,"showParticleSystems":false,"showVisualEffectGraphs":true,"m_FxEnabled":true},"in2DMode":false,"pivot":{"x":-1.7729992866516114,"y":0.9686499834060669,"z":-2.1168408393859865},"rotation":{"x":-0.11007927358150482,"y":-0.20801657438278199,"z":0.023557737469673158,"w":-0.9716354608535767},"size":0.08952649682760239,"orthographic":false}