{"cameraMode":{"drawMode":0,"name":"Shaded","section":"Shading Mode"},"sceneLighting":true,"audioPlay":false,"sceneViewState":{"showFog":false,"showMaterialUpdate":false,"showSkybox":true,"showFlares":false,"showImageEffects":false,"showParticleSystems":false,"showVisualEffectGraphs":true,"m_FxEnabled":true},"in2DMode":false,"pivot":{"x":0.27904748916625979,"y":0.5841341614723206,"z":0.5157419443130493},"rotation":{"x":-0.32992202043533327,"y":-0.017866648733615876,"z":0.006163859739899635,"w":-0.9437284469604492},"size":0.7747241854667664,"orthographic":false}