{"cameraMode":{"drawMode":0,"name":"Shaded","section":"Shading Mode"},"sceneLighting":true,"audioPlay":false,"sceneViewState":{"showFog":false,"showMaterialUpdate":false,"showSkybox":true,"showFlares":false,"showImageEffects":false,"showParticleSystems":false,"showVisualEffectGraphs":true,"m_FxEnabled":true},"in2DMode":false,"pivot":{"x":0.7827654480934143,"y":0.6174037456512451,"z":0.05501362681388855},"rotation":{"x":-0.29394760727882388,"y":0.05069911852478981,"z":-0.015687469393014909,"w":-0.9542813301086426},"size":0.6495755910873413,"orthographic":false}